"MTU (CET/CEST)","Area","Resolution","Price","Currency"
              01/08/2022 00:00 - 01/08/2022 01:00,"BZN|DE-LU","PT60M",385.06,"EUR"
              01/08/2022 01:00 - 01/08/2022 02:00,"BZN|DE-LU","PT60M",344.06,"EUR"
              01/08/2022 02:00 - 01/08/2022 03:00,"BZN|DE-LU","PT60M",338.81,"EUR"
              01/08/2022 03:00 - 01/08/2022 04:00,"BZN|DE-LU","PT60M",320.86,"EUR"
              01/08/2022 04:00 - 01/08/2022 05:00,"BZN|DE-LU","PT60M",329.72,"EUR"
              01/08/2022 05:00 - 01/08/2022 06:00,"BZN|DE-LU","PT60M",380.00,"EUR"
              01/08/2022 06:00 - 01/08/2022 07:00,"BZN|DE-LU","PT60M",429.66,"EUR"
              01/08/2022 07:00 - 01/08/2022 08:00,"BZN|DE-LU","PT60M",467.91,"EUR"
              01/08/2022 08:00 - 01/08/2022 09:00,"BZN|DE-LU","PT60M",474.90,"EUR"
              01/08/2022 09:00 - 01/08/2022 10:00,"BZN|DE-LU","PT60M",459.05,"EUR"
              01/08/2022 10:00 - 01/08/2022 11:00,"BZN|DE-LU","PT60M",447.89,"EUR"
              01/08/2022 11:00 - 01/08/2022 12:00,"BZN|DE-LU","PT60M",428.22,"EUR"
              01/08/2022 12:00 - 01/08/2022 13:00,"BZN|DE-LU","PT60M",392.10,"EUR"
              01/08/2022 13:00 - 01/08/2022 14:00,"BZN|DE-LU","PT60M",388.20,"EUR"
              01/08/2022 14:00 - 01/08/2022 15:00,"BZN|DE-LU","PT60M",377.40,"EUR"
              01/08/2022 15:00 - 01/08/2022 16:00,"BZN|DE-LU","PT60M",385.09,"EUR"
              01/08/2022 16:00 - 01/08/2022 17:00,"BZN|DE-LU","PT60M",398.90,"EUR"
              01/08/2022 17:00 - 01/08/2022 18:00,"BZN|DE-LU","PT60M",437.25,"EUR"
              01/08/2022 18:00 - 01/08/2022 19:00,"BZN|DE-LU","PT60M",461.06,"EUR"
              01/08/2022 19:00 - 01/08/2022 20:00,"BZN|DE-LU","PT60M",510.66,"EUR"
              01/08/2022 20:00 - 01/08/2022 21:00,"BZN|DE-LU","PT60M",530.88,"EUR"
              01/08/2022 21:00 - 01/08/2022 22:00,"BZN|DE-LU","PT60M",524.33,"EUR"
              01/08/2022 22:00 - 01/08/2022 23:00,"BZN|DE-LU","PT60M",509.33,"EUR"
              01/08/2022 23:00 - 02/08/2022 00:00,"BZN|DE-LU","PT60M",469.58,"EUR"
              02/08/2022 00:00 - 02/08/2022 01:00,"BZN|DE-LU","PT60M",440.98,"EUR"
              02/08/2022 01:00 - 02/08/2022 02:00,"BZN|DE-LU","PT60M",390.10,"EUR"
              02/08/2022 02:00 - 02/08/2022 03:00,"BZN|DE-LU","PT60M",382.10,"EUR"
              02/08/2022 03:00 - 02/08/2022 04:00,"BZN|DE-LU","PT60M",359.89,"EUR"
              02/08/2022 04:00 - 02/08/2022 05:00,"BZN|DE-LU","PT60M",352.69,"EUR"
              02/08/2022 05:00 - 02/08/2022 06:00,"BZN|DE-LU","PT60M",393.03,"EUR"
              02/08/2022 06:00 - 02/08/2022 07:00,"BZN|DE-LU","PT60M",457.04,"EUR"
              02/08/2022 07:00 - 02/08/2022 08:00,"BZN|DE-LU","PT60M",479.90,"EUR"
              02/08/2022 08:00 - 02/08/2022 09:00,"BZN|DE-LU","PT60M",478.90,"EUR"
              02/08/2022 09:00 - 02/08/2022 10:00,"BZN|DE-LU","PT60M",397.91,"EUR"
              02/08/2022 10:00 - 02/08/2022 11:00,"BZN|DE-LU","PT60M",328.26,"EUR"
              02/08/2022 11:00 - 02/08/2022 12:00,"BZN|DE-LU","PT60M",307.77,"EUR"
              02/08/2022 12:00 - 02/08/2022 13:00,"BZN|DE-LU","PT60M",234.87,"EUR"
              02/08/2022 13:00 - 02/08/2022 14:00,"BZN|DE-LU","PT60M",227.41,"EUR"
              02/08/2022 14:00 - 02/08/2022 15:00,"BZN|DE-LU","PT60M",198.39,"EUR"
              02/08/2022 15:00 - 02/08/2022 16:00,"BZN|DE-LU","PT60M",219.00,"EUR"
              02/08/2022 16:00 - 02/08/2022 17:00,"BZN|DE-LU","PT60M",274.71,"EUR"
              02/08/2022 17:00 - 02/08/2022 18:00,"BZN|DE-LU","PT60M",324.11,"EUR"
              02/08/2022 18:00 - 02/08/2022 19:00,"BZN|DE-LU","PT60M",435.36,"EUR"
              02/08/2022 19:00 - 02/08/2022 20:00,"BZN|DE-LU","PT60M",499.47,"EUR"
              02/08/2022 20:00 - 02/08/2022 21:00,"BZN|DE-LU","PT60M",511.07,"EUR"
              02/08/2022 21:00 - 02/08/2022 22:00,"BZN|DE-LU","PT60M",513.17,"EUR"
              02/08/2022 22:00 - 02/08/2022 23:00,"BZN|DE-LU","PT60M",484.91,"EUR"
              02/08/2022 23:00 - 03/08/2022 00:00,"BZN|DE-LU","PT60M",441.26,"EUR"
              03/08/2022 00:00 - 03/08/2022 01:00,"BZN|DE-LU","PT60M",383.95,"EUR"
              03/08/2022 01:00 - 03/08/2022 02:00,"BZN|DE-LU","PT60M",368.07,"EUR"
              03/08/2022 02:00 - 03/08/2022 03:00,"BZN|DE-LU","PT60M",340.14,"EUR"
              03/08/2022 03:00 - 03/08/2022 04:00,"BZN|DE-LU","PT60M",326.30,"EUR"
              03/08/2022 04:00 - 03/08/2022 05:00,"BZN|DE-LU","PT60M",329.96,"EUR"
              03/08/2022 05:00 - 03/08/2022 06:00,"BZN|DE-LU","PT60M",368.76,"EUR"
              03/08/2022 06:00 - 03/08/2022 07:00,"BZN|DE-LU","PT60M",440.47,"EUR"
              03/08/2022 07:00 - 03/08/2022 08:00,"BZN|DE-LU","PT60M",453.86,"EUR"
              03/08/2022 08:00 - 03/08/2022 09:00,"BZN|DE-LU","PT60M",444.21,"EUR"
              03/08/2022 09:00 - 03/08/2022 10:00,"BZN|DE-LU","PT60M",370.24,"EUR"
              03/08/2022 10:00 - 03/08/2022 11:00,"BZN|DE-LU","PT60M",317.82,"EUR"
              03/08/2022 11:00 - 03/08/2022 12:00,"BZN|DE-LU","PT60M",244.61,"EUR"
              03/08/2022 12:00 - 03/08/2022 13:00,"BZN|DE-LU","PT60M",243.56,"EUR"
              03/08/2022 13:00 - 03/08/2022 14:00,"BZN|DE-LU","PT60M",182.52,"EUR"
              03/08/2022 14:00 - 03/08/2022 15:00,"BZN|DE-LU","PT60M",199.08,"EUR"
              03/08/2022 15:00 - 03/08/2022 16:00,"BZN|DE-LU","PT60M",291.92,"EUR"
              03/08/2022 16:00 - 03/08/2022 17:00,"BZN|DE-LU","PT60M",361.59,"EUR"
              03/08/2022 17:00 - 03/08/2022 18:00,"BZN|DE-LU","PT60M",438.52,"EUR"
              03/08/2022 18:00 - 03/08/2022 19:00,"BZN|DE-LU","PT60M",500.35,"EUR"
              03/08/2022 19:00 - 03/08/2022 20:00,"BZN|DE-LU","PT60M",550.06,"EUR"
              03/08/2022 20:00 - 03/08/2022 21:00,"BZN|DE-LU","PT60M",566.89,"EUR"
              03/08/2022 21:00 - 03/08/2022 22:00,"BZN|DE-LU","PT60M",560.76,"EUR"
              03/08/2022 22:00 - 03/08/2022 23:00,"BZN|DE-LU","PT60M",500.02,"EUR"
              03/08/2022 23:00 - 04/08/2022 00:00,"BZN|DE-LU","PT60M",452.18,"EUR"
              04/08/2022 00:00 - 04/08/2022 01:00,"BZN|DE-LU","PT60M",450.30,"EUR"
              04/08/2022 01:00 - 04/08/2022 02:00,"BZN|DE-LU","PT60M",414.26,"EUR"
              04/08/2022 02:00 - 04/08/2022 03:00,"BZN|DE-LU","PT60M",375.07,"EUR"
              04/08/2022 03:00 - 04/08/2022 04:00,"BZN|DE-LU","PT60M",348.49,"EUR"
              04/08/2022 04:00 - 04/08/2022 05:00,"BZN|DE-LU","PT60M",345.30,"EUR"
              04/08/2022 05:00 - 04/08/2022 06:00,"BZN|DE-LU","PT60M",375.07,"EUR"
              04/08/2022 06:00 - 04/08/2022 07:00,"BZN|DE-LU","PT60M",452.27,"EUR"
              04/08/2022 07:00 - 04/08/2022 08:00,"BZN|DE-LU","PT60M",480.10,"EUR"
              04/08/2022 08:00 - 04/08/2022 09:00,"BZN|DE-LU","PT60M",479.79,"EUR"
              04/08/2022 09:00 - 04/08/2022 10:00,"BZN|DE-LU","PT60M",449.90,"EUR"
              04/08/2022 10:00 - 04/08/2022 11:00,"BZN|DE-LU","PT60M",408.25,"EUR"
              04/08/2022 11:00 - 04/08/2022 12:00,"BZN|DE-LU","PT60M",370.91,"EUR"
              04/08/2022 12:00 - 04/08/2022 13:00,"BZN|DE-LU","PT60M",344.28,"EUR"
              04/08/2022 13:00 - 04/08/2022 14:00,"BZN|DE-LU","PT60M",284.02,"EUR"
              04/08/2022 14:00 - 04/08/2022 15:00,"BZN|DE-LU","PT60M",319.51,"EUR"
              04/08/2022 15:00 - 04/08/2022 16:00,"BZN|DE-LU","PT60M",342.64,"EUR"
              04/08/2022 16:00 - 04/08/2022 17:00,"BZN|DE-LU","PT60M",366.51,"EUR"
              04/08/2022 17:00 - 04/08/2022 18:00,"BZN|DE-LU","PT60M",416.97,"EUR"
              04/08/2022 18:00 - 04/08/2022 19:00,"BZN|DE-LU","PT60M",492.73,"EUR"
              04/08/2022 19:00 - 04/08/2022 20:00,"BZN|DE-LU","PT60M",513.74,"EUR"
              04/08/2022 20:00 - 04/08/2022 21:00,"BZN|DE-LU","PT60M",504.33,"EUR"
              04/08/2022 21:00 - 04/08/2022 22:00,"BZN|DE-LU","PT60M",499.83,"EUR"
              04/08/2022 22:00 - 04/08/2022 23:00,"BZN|DE-LU","PT60M",480.60,"EUR"
              04/08/2022 23:00 - 05/08/2022 00:00,"BZN|DE-LU","PT60M",424.96,"EUR"
              05/08/2022 00:00 - 05/08/2022 01:00,"BZN|DE-LU","PT60M",406.06,"EUR"
              05/08/2022 01:00 - 05/08/2022 02:00,"BZN|DE-LU","PT60M",358.18,"EUR"
              05/08/2022 02:00 - 05/08/2022 03:00,"BZN|DE-LU","PT60M",337.64,"EUR"
              05/08/2022 03:00 - 05/08/2022 04:00,"BZN|DE-LU","PT60M",339.17,"EUR"
              05/08/2022 04:00 - 05/08/2022 05:00,"BZN|DE-LU","PT60M",338.52,"EUR"
              05/08/2022 05:00 - 05/08/2022 06:00,"BZN|DE-LU","PT60M",390.05,"EUR"
              05/08/2022 06:00 - 05/08/2022 07:00,"BZN|DE-LU","PT60M",449.91,"EUR"
              05/08/2022 07:00 - 05/08/2022 08:00,"BZN|DE-LU","PT60M",468.00,"EUR"
              05/08/2022 08:00 - 05/08/2022 09:00,"BZN|DE-LU","PT60M",483.91,"EUR"
              05/08/2022 09:00 - 05/08/2022 10:00,"BZN|DE-LU","PT60M",447.14,"EUR"
              05/08/2022 10:00 - 05/08/2022 11:00,"BZN|DE-LU","PT60M",428.44,"EUR"
              05/08/2022 11:00 - 05/08/2022 12:00,"BZN|DE-LU","PT60M",405.10,"EUR"
              05/08/2022 12:00 - 05/08/2022 13:00,"BZN|DE-LU","PT60M",394.20,"EUR"
              05/08/2022 13:00 - 05/08/2022 14:00,"BZN|DE-LU","PT60M",331.05,"EUR"
              05/08/2022 14:00 - 05/08/2022 15:00,"BZN|DE-LU","PT60M",297.06,"EUR"
              05/08/2022 15:00 - 05/08/2022 16:00,"BZN|DE-LU","PT60M",256.21,"EUR"
              05/08/2022 16:00 - 05/08/2022 17:00,"BZN|DE-LU","PT60M",252.44,"EUR"
              05/08/2022 17:00 - 05/08/2022 18:00,"BZN|DE-LU","PT60M",291.18,"EUR"
              05/08/2022 18:00 - 05/08/2022 19:00,"BZN|DE-LU","PT60M",355.02,"EUR"
              05/08/2022 19:00 - 05/08/2022 20:00,"BZN|DE-LU","PT60M",419.54,"EUR"
              05/08/2022 20:00 - 05/08/2022 21:00,"BZN|DE-LU","PT60M",424.89,"EUR"
              05/08/2022 21:00 - 05/08/2022 22:00,"BZN|DE-LU","PT60M",437.30,"EUR"
              05/08/2022 22:00 - 05/08/2022 23:00,"BZN|DE-LU","PT60M",429.91,"EUR"
              05/08/2022 23:00 - 06/08/2022 00:00,"BZN|DE-LU","PT60M",386.55,"EUR"
              06/08/2022 00:00 - 06/08/2022 01:00,"BZN|DE-LU","PT60M",361.76,"EUR"
              06/08/2022 01:00 - 06/08/2022 02:00,"BZN|DE-LU","PT60M",315.05,"EUR"
              06/08/2022 02:00 - 06/08/2022 03:00,"BZN|DE-LU","PT60M",308.59,"EUR"
              06/08/2022 03:00 - 06/08/2022 04:00,"BZN|DE-LU","PT60M",276.45,"EUR"
              06/08/2022 04:00 - 06/08/2022 05:00,"BZN|DE-LU","PT60M",267.76,"EUR"
              06/08/2022 05:00 - 06/08/2022 06:00,"BZN|DE-LU","PT60M",261.14,"EUR"
              06/08/2022 06:00 - 06/08/2022 07:00,"BZN|DE-LU","PT60M",290.83,"EUR"
              06/08/2022 07:00 - 06/08/2022 08:00,"BZN|DE-LU","PT60M",315.03,"EUR"
              06/08/2022 08:00 - 06/08/2022 09:00,"BZN|DE-LU","PT60M",309.56,"EUR"
              06/08/2022 09:00 - 06/08/2022 10:00,"BZN|DE-LU","PT60M",273.36,"EUR"
              06/08/2022 10:00 - 06/08/2022 11:00,"BZN|DE-LU","PT60M",238.11,"EUR"
              06/08/2022 11:00 - 06/08/2022 12:00,"BZN|DE-LU","PT60M",202.19,"EUR"
              06/08/2022 12:00 - 06/08/2022 13:00,"BZN|DE-LU","PT60M",170.12,"EUR"
              06/08/2022 13:00 - 06/08/2022 14:00,"BZN|DE-LU","PT60M",149.31,"EUR"
              06/08/2022 14:00 - 06/08/2022 15:00,"BZN|DE-LU","PT60M",116.02,"EUR"
              06/08/2022 15:00 - 06/08/2022 16:00,"BZN|DE-LU","PT60M",139.77,"EUR"
              06/08/2022 16:00 - 06/08/2022 17:00,"BZN|DE-LU","PT60M",175.16,"EUR"
              06/08/2022 17:00 - 06/08/2022 18:00,"BZN|DE-LU","PT60M",239.05,"EUR"
              06/08/2022 18:00 - 06/08/2022 19:00,"BZN|DE-LU","PT60M",318.16,"EUR"
              06/08/2022 19:00 - 06/08/2022 20:00,"BZN|DE-LU","PT60M",372.49,"EUR"
              06/08/2022 20:00 - 06/08/2022 21:00,"BZN|DE-LU","PT60M",396.81,"EUR"
              06/08/2022 21:00 - 06/08/2022 22:00,"BZN|DE-LU","PT60M",380.64,"EUR"
              06/08/2022 22:00 - 06/08/2022 23:00,"BZN|DE-LU","PT60M",369.08,"EUR"
              06/08/2022 23:00 - 07/08/2022 00:00,"BZN|DE-LU","PT60M",324.98,"EUR"
              07/08/2022 00:00 - 07/08/2022 01:00,"BZN|DE-LU","PT60M",277.89,"EUR"
              07/08/2022 01:00 - 07/08/2022 02:00,"BZN|DE-LU","PT60M",232.85,"EUR"
              07/08/2022 02:00 - 07/08/2022 03:00,"BZN|DE-LU","PT60M",218.28,"EUR"
              07/08/2022 03:00 - 07/08/2022 04:00,"BZN|DE-LU","PT60M",206.40,"EUR"
              07/08/2022 04:00 - 07/08/2022 05:00,"BZN|DE-LU","PT60M",200.47,"EUR"
              07/08/2022 05:00 - 07/08/2022 06:00,"BZN|DE-LU","PT60M",205.23,"EUR"
              07/08/2022 06:00 - 07/08/2022 07:00,"BZN|DE-LU","PT60M",205.00,"EUR"
              07/08/2022 07:00 - 07/08/2022 08:00,"BZN|DE-LU","PT60M",206.29,"EUR"
              07/08/2022 08:00 - 07/08/2022 09:00,"BZN|DE-LU","PT60M",162.27,"EUR"
              07/08/2022 09:00 - 07/08/2022 10:00,"BZN|DE-LU","PT60M",142.70,"EUR"
              07/08/2022 10:00 - 07/08/2022 11:00,"BZN|DE-LU","PT60M",100.00,"EUR"
              07/08/2022 11:00 - 07/08/2022 12:00,"BZN|DE-LU","PT60M",87.69,"EUR"
              07/08/2022 12:00 - 07/08/2022 13:00,"BZN|DE-LU","PT60M",86.82,"EUR"
              07/08/2022 13:00 - 07/08/2022 14:00,"BZN|DE-LU","PT60M",69.74,"EUR"
              07/08/2022 14:00 - 07/08/2022 15:00,"BZN|DE-LU","PT60M",70.02,"EUR"
              07/08/2022 15:00 - 07/08/2022 16:00,"BZN|DE-LU","PT60M",86.15,"EUR"
              07/08/2022 16:00 - 07/08/2022 17:00,"BZN|DE-LU","PT60M",102.82,"EUR"
              07/08/2022 17:00 - 07/08/2022 18:00,"BZN|DE-LU","PT60M",199.42,"EUR"
              07/08/2022 18:00 - 07/08/2022 19:00,"BZN|DE-LU","PT60M",301.67,"EUR"
              07/08/2022 19:00 - 07/08/2022 20:00,"BZN|DE-LU","PT60M",393.30,"EUR"
              07/08/2022 20:00 - 07/08/2022 21:00,"BZN|DE-LU","PT60M",421.99,"EUR"
              07/08/2022 21:00 - 07/08/2022 22:00,"BZN|DE-LU","PT60M",419.92,"EUR"
              07/08/2022 22:00 - 07/08/2022 23:00,"BZN|DE-LU","PT60M",401.86,"EUR"
              07/08/2022 23:00 - 08/08/2022 00:00,"BZN|DE-LU","PT60M",359.42,"EUR"
              08/08/2022 00:00 - 08/08/2022 01:00,"BZN|DE-LU","PT60M",310.08,"EUR"
              08/08/2022 01:00 - 08/08/2022 02:00,"BZN|DE-LU","PT60M",271.57,"EUR"
              08/08/2022 02:00 - 08/08/2022 03:00,"BZN|DE-LU","PT60M",281.49,"EUR"
              08/08/2022 03:00 - 08/08/2022 04:00,"BZN|DE-LU","PT60M",278.39,"EUR"
              08/08/2022 04:00 - 08/08/2022 05:00,"BZN|DE-LU","PT60M",272.89,"EUR"
              08/08/2022 05:00 - 08/08/2022 06:00,"BZN|DE-LU","PT60M",310.38,"EUR"
              08/08/2022 06:00 - 08/08/2022 07:00,"BZN|DE-LU","PT60M",408.54,"EUR"
              08/08/2022 07:00 - 08/08/2022 08:00,"BZN|DE-LU","PT60M",419.99,"EUR"
              08/08/2022 08:00 - 08/08/2022 09:00,"BZN|DE-LU","PT60M",414.68,"EUR"
              08/08/2022 09:00 - 08/08/2022 10:00,"BZN|DE-LU","PT60M",384.55,"EUR"
              08/08/2022 10:00 - 08/08/2022 11:00,"BZN|DE-LU","PT60M",339.44,"EUR"
              08/08/2022 11:00 - 08/08/2022 12:00,"BZN|DE-LU","PT60M",307.07,"EUR"
              08/08/2022 12:00 - 08/08/2022 13:00,"BZN|DE-LU","PT60M",292.66,"EUR"
              08/08/2022 13:00 - 08/08/2022 14:00,"BZN|DE-LU","PT60M",294.01,"EUR"
              08/08/2022 14:00 - 08/08/2022 15:00,"BZN|DE-LU","PT60M",294.68,"EUR"
              08/08/2022 15:00 - 08/08/2022 16:00,"BZN|DE-LU","PT60M",307.77,"EUR"
              08/08/2022 16:00 - 08/08/2022 17:00,"BZN|DE-LU","PT60M",329.86,"EUR"
              08/08/2022 17:00 - 08/08/2022 18:00,"BZN|DE-LU","PT60M",406.02,"EUR"
              08/08/2022 18:00 - 08/08/2022 19:00,"BZN|DE-LU","PT60M",439.98,"EUR"
              08/08/2022 19:00 - 08/08/2022 20:00,"BZN|DE-LU","PT60M",495.90,"EUR"
              08/08/2022 20:00 - 08/08/2022 21:00,"BZN|DE-LU","PT60M",493.85,"EUR"
              08/08/2022 21:00 - 08/08/2022 22:00,"BZN|DE-LU","PT60M",455.00,"EUR"
              08/08/2022 22:00 - 08/08/2022 23:00,"BZN|DE-LU","PT60M",429.15,"EUR"
              08/08/2022 23:00 - 09/08/2022 00:00,"BZN|DE-LU","PT60M",391.20,"EUR"
              09/08/2022 00:00 - 09/08/2022 01:00,"BZN|DE-LU","PT60M",330.76,"EUR"
              09/08/2022 01:00 - 09/08/2022 02:00,"BZN|DE-LU","PT60M",298.92,"EUR"
              09/08/2022 02:00 - 09/08/2022 03:00,"BZN|DE-LU","PT60M",298.95,"EUR"
              09/08/2022 03:00 - 09/08/2022 04:00,"BZN|DE-LU","PT60M",289.20,"EUR"
              09/08/2022 04:00 - 09/08/2022 05:00,"BZN|DE-LU","PT60M",295.75,"EUR"
              09/08/2022 05:00 - 09/08/2022 06:00,"BZN|DE-LU","PT60M",320.01,"EUR"
              09/08/2022 06:00 - 09/08/2022 07:00,"BZN|DE-LU","PT60M",382.92,"EUR"
              09/08/2022 07:00 - 09/08/2022 08:00,"BZN|DE-LU","PT60M",414.98,"EUR"
              09/08/2022 08:00 - 09/08/2022 09:00,"BZN|DE-LU","PT60M",426.22,"EUR"
              09/08/2022 09:00 - 09/08/2022 10:00,"BZN|DE-LU","PT60M",383.99,"EUR"
              09/08/2022 10:00 - 09/08/2022 11:00,"BZN|DE-LU","PT60M",310.09,"EUR"
              09/08/2022 11:00 - 09/08/2022 12:00,"BZN|DE-LU","PT60M",282.44,"EUR"
              09/08/2022 12:00 - 09/08/2022 13:00,"BZN|DE-LU","PT60M",277.57,"EUR"
              09/08/2022 13:00 - 09/08/2022 14:00,"BZN|DE-LU","PT60M",258.94,"EUR"
              09/08/2022 14:00 - 09/08/2022 15:00,"BZN|DE-LU","PT60M",260.64,"EUR"
              09/08/2022 15:00 - 09/08/2022 16:00,"BZN|DE-LU","PT60M",266.89,"EUR"
              09/08/2022 16:00 - 09/08/2022 17:00,"BZN|DE-LU","PT60M",289.37,"EUR"
              09/08/2022 17:00 - 09/08/2022 18:00,"BZN|DE-LU","PT60M",351.34,"EUR"
              09/08/2022 18:00 - 09/08/2022 19:00,"BZN|DE-LU","PT60M",420.00,"EUR"
              09/08/2022 19:00 - 09/08/2022 20:00,"BZN|DE-LU","PT60M",469.80,"EUR"
              09/08/2022 20:00 - 09/08/2022 21:00,"BZN|DE-LU","PT60M",469.72,"EUR"
              09/08/2022 21:00 - 09/08/2022 22:00,"BZN|DE-LU","PT60M",428.67,"EUR"
              09/08/2022 22:00 - 09/08/2022 23:00,"BZN|DE-LU","PT60M",406.45,"EUR"
              09/08/2022 23:00 - 10/08/2022 00:00,"BZN|DE-LU","PT60M",343.31,"EUR"
              10/08/2022 00:00 - 10/08/2022 01:00,"BZN|DE-LU","PT60M",297.01,"EUR"
              10/08/2022 01:00 - 10/08/2022 02:00,"BZN|DE-LU","PT60M",286.98,"EUR"
              10/08/2022 02:00 - 10/08/2022 03:00,"BZN|DE-LU","PT60M",298.71,"EUR"
              10/08/2022 03:00 - 10/08/2022 04:00,"BZN|DE-LU","PT60M",285.60,"EUR"
              10/08/2022 04:00 - 10/08/2022 05:00,"BZN|DE-LU","PT60M",293.99,"EUR"
              10/08/2022 05:00 - 10/08/2022 06:00,"BZN|DE-LU","PT60M",297.74,"EUR"
              10/08/2022 06:00 - 10/08/2022 07:00,"BZN|DE-LU","PT60M",343.67,"EUR"
              10/08/2022 07:00 - 10/08/2022 08:00,"BZN|DE-LU","PT60M",392.98,"EUR"
              10/08/2022 08:00 - 10/08/2022 09:00,"BZN|DE-LU","PT60M",395.51,"EUR"
              10/08/2022 09:00 - 10/08/2022 10:00,"BZN|DE-LU","PT60M",356.26,"EUR"
              10/08/2022 10:00 - 10/08/2022 11:00,"BZN|DE-LU","PT60M",302.90,"EUR"
              10/08/2022 11:00 - 10/08/2022 12:00,"BZN|DE-LU","PT60M",284.90,"EUR"
              10/08/2022 12:00 - 10/08/2022 13:00,"BZN|DE-LU","PT60M",274.76,"EUR"
              10/08/2022 13:00 - 10/08/2022 14:00,"BZN|DE-LU","PT60M",253.00,"EUR"
              10/08/2022 14:00 - 10/08/2022 15:00,"BZN|DE-LU","PT60M",253.96,"EUR"
              10/08/2022 15:00 - 10/08/2022 16:00,"BZN|DE-LU","PT60M",272.34,"EUR"
              10/08/2022 16:00 - 10/08/2022 17:00,"BZN|DE-LU","PT60M",303.10,"EUR"
              10/08/2022 17:00 - 10/08/2022 18:00,"BZN|DE-LU","PT60M",353.00,"EUR"
              10/08/2022 18:00 - 10/08/2022 19:00,"BZN|DE-LU","PT60M",409.93,"EUR"
              10/08/2022 19:00 - 10/08/2022 20:00,"BZN|DE-LU","PT60M",449.00,"EUR"
              10/08/2022 20:00 - 10/08/2022 21:00,"BZN|DE-LU","PT60M",454.73,"EUR"
              10/08/2022 21:00 - 10/08/2022 22:00,"BZN|DE-LU","PT60M",420.00,"EUR"
              10/08/2022 22:00 - 10/08/2022 23:00,"BZN|DE-LU","PT60M",406.84,"EUR"
              10/08/2022 23:00 - 11/08/2022 00:00,"BZN|DE-LU","PT60M",355.01,"EUR"
              11/08/2022 00:00 - 11/08/2022 01:00,"BZN|DE-LU","PT60M",309.92,"EUR"
              11/08/2022 01:00 - 11/08/2022 02:00,"BZN|DE-LU","PT60M",300.03,"EUR"
              11/08/2022 02:00 - 11/08/2022 03:00,"BZN|DE-LU","PT60M",310.00,"EUR"
              11/08/2022 03:00 - 11/08/2022 04:00,"BZN|DE-LU","PT60M",306.30,"EUR"
              11/08/2022 04:00 - 11/08/2022 05:00,"BZN|DE-LU","PT60M",312.00,"EUR"
              11/08/2022 05:00 - 11/08/2022 06:00,"BZN|DE-LU","PT60M",347.06,"EUR"
              11/08/2022 06:00 - 11/08/2022 07:00,"BZN|DE-LU","PT60M",406.65,"EUR"
              11/08/2022 07:00 - 11/08/2022 08:00,"BZN|DE-LU","PT60M",419.97,"EUR"
              11/08/2022 08:00 - 11/08/2022 09:00,"BZN|DE-LU","PT60M",414.90,"EUR"
              11/08/2022 09:00 - 11/08/2022 10:00,"BZN|DE-LU","PT60M",397.16,"EUR"
              11/08/2022 10:00 - 11/08/2022 11:00,"BZN|DE-LU","PT60M",355.10,"EUR"
              11/08/2022 11:00 - 11/08/2022 12:00,"BZN|DE-LU","PT60M",313.97,"EUR"
              11/08/2022 12:00 - 11/08/2022 13:00,"BZN|DE-LU","PT60M",298.97,"EUR"
              11/08/2022 13:00 - 11/08/2022 14:00,"BZN|DE-LU","PT60M",269.86,"EUR"
              11/08/2022 14:00 - 11/08/2022 15:00,"BZN|DE-LU","PT60M",267.86,"EUR"
              11/08/2022 15:00 - 11/08/2022 16:00,"BZN|DE-LU","PT60M",294.00,"EUR"
              11/08/2022 16:00 - 11/08/2022 17:00,"BZN|DE-LU","PT60M",334.80,"EUR"
              11/08/2022 17:00 - 11/08/2022 18:00,"BZN|DE-LU","PT60M",401.31,"EUR"
              11/08/2022 18:00 - 11/08/2022 19:00,"BZN|DE-LU","PT60M",450.00,"EUR"
              11/08/2022 19:00 - 11/08/2022 20:00,"BZN|DE-LU","PT60M",539.90,"EUR"
              11/08/2022 20:00 - 11/08/2022 21:00,"BZN|DE-LU","PT60M",534.75,"EUR"
              11/08/2022 21:00 - 11/08/2022 22:00,"BZN|DE-LU","PT60M",446.00,"EUR"
              11/08/2022 22:00 - 11/08/2022 23:00,"BZN|DE-LU","PT60M",414.99,"EUR"
              11/08/2022 23:00 - 12/08/2022 00:00,"BZN|DE-LU","PT60M",390.00,"EUR"
              12/08/2022 00:00 - 12/08/2022 01:00,"BZN|DE-LU","PT60M",422.10,"EUR"
              12/08/2022 01:00 - 12/08/2022 02:00,"BZN|DE-LU","PT60M",405.00,"EUR"
              12/08/2022 02:00 - 12/08/2022 03:00,"BZN|DE-LU","PT60M",395.69,"EUR"
              12/08/2022 03:00 - 12/08/2022 04:00,"BZN|DE-LU","PT60M",391.95,"EUR"
              12/08/2022 04:00 - 12/08/2022 05:00,"BZN|DE-LU","PT60M",402.56,"EUR"
              12/08/2022 05:00 - 12/08/2022 06:00,"BZN|DE-LU","PT60M",408.00,"EUR"
              12/08/2022 06:00 - 12/08/2022 07:00,"BZN|DE-LU","PT60M",469.21,"EUR"
              12/08/2022 07:00 - 12/08/2022 08:00,"BZN|DE-LU","PT60M",513.31,"EUR"
              12/08/2022 08:00 - 12/08/2022 09:00,"BZN|DE-LU","PT60M",508.00,"EUR"
              12/08/2022 09:00 - 12/08/2022 10:00,"BZN|DE-LU","PT60M",472.56,"EUR"
              12/08/2022 10:00 - 12/08/2022 11:00,"BZN|DE-LU","PT60M",419.90,"EUR"
              12/08/2022 11:00 - 12/08/2022 12:00,"BZN|DE-LU","PT60M",405.60,"EUR"
              12/08/2022 12:00 - 12/08/2022 13:00,"BZN|DE-LU","PT60M",376.39,"EUR"
              12/08/2022 13:00 - 12/08/2022 14:00,"BZN|DE-LU","PT60M",328.45,"EUR"
              12/08/2022 14:00 - 12/08/2022 15:00,"BZN|DE-LU","PT60M",334.37,"EUR"
              12/08/2022 15:00 - 12/08/2022 16:00,"BZN|DE-LU","PT60M",372.09,"EUR"
              12/08/2022 16:00 - 12/08/2022 17:00,"BZN|DE-LU","PT60M",393.24,"EUR"
              12/08/2022 17:00 - 12/08/2022 18:00,"BZN|DE-LU","PT60M",448.08,"EUR"
              12/08/2022 18:00 - 12/08/2022 19:00,"BZN|DE-LU","PT60M",489.99,"EUR"
              12/08/2022 19:00 - 12/08/2022 20:00,"BZN|DE-LU","PT60M",560.00,"EUR"
              12/08/2022 20:00 - 12/08/2022 21:00,"BZN|DE-LU","PT60M",565.40,"EUR"
              12/08/2022 21:00 - 12/08/2022 22:00,"BZN|DE-LU","PT60M",507.78,"EUR"
              12/08/2022 22:00 - 12/08/2022 23:00,"BZN|DE-LU","PT60M",469.47,"EUR"
              12/08/2022 23:00 - 13/08/2022 00:00,"BZN|DE-LU","PT60M",424.02,"EUR"
              13/08/2022 00:00 - 13/08/2022 01:00,"BZN|DE-LU","PT60M",427.23,"EUR"
              13/08/2022 01:00 - 13/08/2022 02:00,"BZN|DE-LU","PT60M",400.71,"EUR"
              13/08/2022 02:00 - 13/08/2022 03:00,"BZN|DE-LU","PT60M",387.87,"EUR"
              13/08/2022 03:00 - 13/08/2022 04:00,"BZN|DE-LU","PT60M",374.09,"EUR"
              13/08/2022 04:00 - 13/08/2022 05:00,"BZN|DE-LU","PT60M",375.79,"EUR"
              13/08/2022 05:00 - 13/08/2022 06:00,"BZN|DE-LU","PT60M",382.76,"EUR"
              13/08/2022 06:00 - 13/08/2022 07:00,"BZN|DE-LU","PT60M",379.90,"EUR"
              13/08/2022 07:00 - 13/08/2022 08:00,"BZN|DE-LU","PT60M",388.74,"EUR"
              13/08/2022 08:00 - 13/08/2022 09:00,"BZN|DE-LU","PT60M",399.90,"EUR"
              13/08/2022 09:00 - 13/08/2022 10:00,"BZN|DE-LU","PT60M",374.50,"EUR"
              13/08/2022 10:00 - 13/08/2022 11:00,"BZN|DE-LU","PT60M",333.41,"EUR"
              13/08/2022 11:00 - 13/08/2022 12:00,"BZN|DE-LU","PT60M",300.02,"EUR"
              13/08/2022 12:00 - 13/08/2022 13:00,"BZN|DE-LU","PT60M",247.22,"EUR"
              13/08/2022 13:00 - 13/08/2022 14:00,"BZN|DE-LU","PT60M",192.11,"EUR"
              13/08/2022 14:00 - 13/08/2022 15:00,"BZN|DE-LU","PT60M",213.62,"EUR"
              13/08/2022 15:00 - 13/08/2022 16:00,"BZN|DE-LU","PT60M",292.05,"EUR"
              13/08/2022 16:00 - 13/08/2022 17:00,"BZN|DE-LU","PT60M",341.76,"EUR"
              13/08/2022 17:00 - 13/08/2022 18:00,"BZN|DE-LU","PT60M",412.30,"EUR"
              13/08/2022 18:00 - 13/08/2022 19:00,"BZN|DE-LU","PT60M",466.20,"EUR"
              13/08/2022 19:00 - 13/08/2022 20:00,"BZN|DE-LU","PT60M",503.26,"EUR"
              13/08/2022 20:00 - 13/08/2022 21:00,"BZN|DE-LU","PT60M",504.70,"EUR"
              13/08/2022 21:00 - 13/08/2022 22:00,"BZN|DE-LU","PT60M",479.94,"EUR"
              13/08/2022 22:00 - 13/08/2022 23:00,"BZN|DE-LU","PT60M",461.91,"EUR"
              13/08/2022 23:00 - 14/08/2022 00:00,"BZN|DE-LU","PT60M",425.89,"EUR"
              14/08/2022 00:00 - 14/08/2022 01:00,"BZN|DE-LU","PT60M",416.30,"EUR"
              14/08/2022 01:00 - 14/08/2022 02:00,"BZN|DE-LU","PT60M",397.20,"EUR"
              14/08/2022 02:00 - 14/08/2022 03:00,"BZN|DE-LU","PT60M",377.90,"EUR"
              14/08/2022 03:00 - 14/08/2022 04:00,"BZN|DE-LU","PT60M",354.00,"EUR"
              14/08/2022 04:00 - 14/08/2022 05:00,"BZN|DE-LU","PT60M",350.06,"EUR"
              14/08/2022 05:00 - 14/08/2022 06:00,"BZN|DE-LU","PT60M",351.01,"EUR"
              14/08/2022 06:00 - 14/08/2022 07:00,"BZN|DE-LU","PT60M",352.77,"EUR"
              14/08/2022 07:00 - 14/08/2022 08:00,"BZN|DE-LU","PT60M",350.05,"EUR"
              14/08/2022 08:00 - 14/08/2022 09:00,"BZN|DE-LU","PT60M",355.17,"EUR"
              14/08/2022 09:00 - 14/08/2022 10:00,"BZN|DE-LU","PT60M",339.94,"EUR"
              14/08/2022 10:00 - 14/08/2022 11:00,"BZN|DE-LU","PT60M",309.00,"EUR"
              14/08/2022 11:00 - 14/08/2022 12:00,"BZN|DE-LU","PT60M",249.58,"EUR"
              14/08/2022 12:00 - 14/08/2022 13:00,"BZN|DE-LU","PT60M",136.72,"EUR"
              14/08/2022 13:00 - 14/08/2022 14:00,"BZN|DE-LU","PT60M",84.93,"EUR"
              14/08/2022 14:00 - 14/08/2022 15:00,"BZN|DE-LU","PT60M",74.02,"EUR"
              14/08/2022 15:00 - 14/08/2022 16:00,"BZN|DE-LU","PT60M",164.37,"EUR"
              14/08/2022 16:00 - 14/08/2022 17:00,"BZN|DE-LU","PT60M",268.13,"EUR"
              14/08/2022 17:00 - 14/08/2022 18:00,"BZN|DE-LU","PT60M",343.52,"EUR"
              14/08/2022 18:00 - 14/08/2022 19:00,"BZN|DE-LU","PT60M",415.90,"EUR"
              14/08/2022 19:00 - 14/08/2022 20:00,"BZN|DE-LU","PT60M",454.91,"EUR"
              14/08/2022 20:00 - 14/08/2022 21:00,"BZN|DE-LU","PT60M",459.96,"EUR"
              14/08/2022 21:00 - 14/08/2022 22:00,"BZN|DE-LU","PT60M",462.60,"EUR"
              14/08/2022 22:00 - 14/08/2022 23:00,"BZN|DE-LU","PT60M",455.42,"EUR"
              14/08/2022 23:00 - 15/08/2022 00:00,"BZN|DE-LU","PT60M",407.48,"EUR"
              15/08/2022 00:00 - 15/08/2022 01:00,"BZN|DE-LU","PT60M",375.03,"EUR"
              15/08/2022 01:00 - 15/08/2022 02:00,"BZN|DE-LU","PT60M",361.09,"EUR"
              15/08/2022 02:00 - 15/08/2022 03:00,"BZN|DE-LU","PT60M",360.64,"EUR"
              15/08/2022 03:00 - 15/08/2022 04:00,"BZN|DE-LU","PT60M",350.00,"EUR"
              15/08/2022 04:00 - 15/08/2022 05:00,"BZN|DE-LU","PT60M",352.99,"EUR"
              15/08/2022 05:00 - 15/08/2022 06:00,"BZN|DE-LU","PT60M",363.59,"EUR"
              15/08/2022 06:00 - 15/08/2022 07:00,"BZN|DE-LU","PT60M",381.41,"EUR"
              15/08/2022 07:00 - 15/08/2022 08:00,"BZN|DE-LU","PT60M",429.12,"EUR"
              15/08/2022 08:00 - 15/08/2022 09:00,"BZN|DE-LU","PT60M",467.34,"EUR"
              15/08/2022 09:00 - 15/08/2022 10:00,"BZN|DE-LU","PT60M",452.80,"EUR"
              15/08/2022 10:00 - 15/08/2022 11:00,"BZN|DE-LU","PT60M",431.41,"EUR"
              15/08/2022 11:00 - 15/08/2022 12:00,"BZN|DE-LU","PT60M",407.06,"EUR"
              15/08/2022 12:00 - 15/08/2022 13:00,"BZN|DE-LU","PT60M",402.31,"EUR"
              15/08/2022 13:00 - 15/08/2022 14:00,"BZN|DE-LU","PT60M",392.13,"EUR"
              15/08/2022 14:00 - 15/08/2022 15:00,"BZN|DE-LU","PT60M",392.77,"EUR"
              15/08/2022 15:00 - 15/08/2022 16:00,"BZN|DE-LU","PT60M",380.09,"EUR"
              15/08/2022 16:00 - 15/08/2022 17:00,"BZN|DE-LU","PT60M",400.05,"EUR"
              15/08/2022 17:00 - 15/08/2022 18:00,"BZN|DE-LU","PT60M",448.84,"EUR"
              15/08/2022 18:00 - 15/08/2022 19:00,"BZN|DE-LU","PT60M",495.00,"EUR"
              15/08/2022 19:00 - 15/08/2022 20:00,"BZN|DE-LU","PT60M",520.01,"EUR"
              15/08/2022 20:00 - 15/08/2022 21:00,"BZN|DE-LU","PT60M",555.72,"EUR"
              15/08/2022 21:00 - 15/08/2022 22:00,"BZN|DE-LU","PT60M",536.69,"EUR"
              15/08/2022 22:00 - 15/08/2022 23:00,"BZN|DE-LU","PT60M",507.00,"EUR"
              15/08/2022 23:00 - 16/08/2022 00:00,"BZN|DE-LU","PT60M",475.42,"EUR"
              16/08/2022 00:00 - 16/08/2022 01:00,"BZN|DE-LU","PT60M",465.26,"EUR"
              16/08/2022 01:00 - 16/08/2022 02:00,"BZN|DE-LU","PT60M",430.65,"EUR"
              16/08/2022 02:00 - 16/08/2022 03:00,"BZN|DE-LU","PT60M",430.94,"EUR"
              16/08/2022 03:00 - 16/08/2022 04:00,"BZN|DE-LU","PT60M",416.42,"EUR"
              16/08/2022 04:00 - 16/08/2022 05:00,"BZN|DE-LU","PT60M",422.59,"EUR"
              16/08/2022 05:00 - 16/08/2022 06:00,"BZN|DE-LU","PT60M",440.99,"EUR"
              16/08/2022 06:00 - 16/08/2022 07:00,"BZN|DE-LU","PT60M",502.52,"EUR"
              16/08/2022 07:00 - 16/08/2022 08:00,"BZN|DE-LU","PT60M",517.99,"EUR"
              16/08/2022 08:00 - 16/08/2022 09:00,"BZN|DE-LU","PT60M",514.90,"EUR"
              16/08/2022 09:00 - 16/08/2022 10:00,"BZN|DE-LU","PT60M",488.44,"EUR"
              16/08/2022 10:00 - 16/08/2022 11:00,"BZN|DE-LU","PT60M",450.00,"EUR"
              16/08/2022 11:00 - 16/08/2022 12:00,"BZN|DE-LU","PT60M",424.95,"EUR"
              16/08/2022 12:00 - 16/08/2022 13:00,"BZN|DE-LU","PT60M",417.08,"EUR"
              16/08/2022 13:00 - 16/08/2022 14:00,"BZN|DE-LU","PT60M",410.06,"EUR"
              16/08/2022 14:00 - 16/08/2022 15:00,"BZN|DE-LU","PT60M",410.09,"EUR"
              16/08/2022 15:00 - 16/08/2022 16:00,"BZN|DE-LU","PT60M",418.06,"EUR"
              16/08/2022 16:00 - 16/08/2022 17:00,"BZN|DE-LU","PT60M",442.53,"EUR"
              16/08/2022 17:00 - 16/08/2022 18:00,"BZN|DE-LU","PT60M",506.91,"EUR"
              16/08/2022 18:00 - 16/08/2022 19:00,"BZN|DE-LU","PT60M",600.05,"EUR"
              16/08/2022 19:00 - 16/08/2022 20:00,"BZN|DE-LU","PT60M",664.89,"EUR"
              16/08/2022 20:00 - 16/08/2022 21:00,"BZN|DE-LU","PT60M",662.05,"EUR"
              16/08/2022 21:00 - 16/08/2022 22:00,"BZN|DE-LU","PT60M",648.38,"EUR"
              16/08/2022 22:00 - 16/08/2022 23:00,"BZN|DE-LU","PT60M",580.00,"EUR"
              16/08/2022 23:00 - 17/08/2022 00:00,"BZN|DE-LU","PT60M",513.28,"EUR"
              17/08/2022 00:00 - 17/08/2022 01:00,"BZN|DE-LU","PT60M",523.94,"EUR"
              17/08/2022 01:00 - 17/08/2022 02:00,"BZN|DE-LU","PT60M",483.88,"EUR"
              17/08/2022 02:00 - 17/08/2022 03:00,"BZN|DE-LU","PT60M",472.13,"EUR"
              17/08/2022 03:00 - 17/08/2022 04:00,"BZN|DE-LU","PT60M",459.22,"EUR"
              17/08/2022 04:00 - 17/08/2022 05:00,"BZN|DE-LU","PT60M",463.42,"EUR"
              17/08/2022 05:00 - 17/08/2022 06:00,"BZN|DE-LU","PT60M",489.64,"EUR"
              17/08/2022 06:00 - 17/08/2022 07:00,"BZN|DE-LU","PT60M",547.74,"EUR"
              17/08/2022 07:00 - 17/08/2022 08:00,"BZN|DE-LU","PT60M",597.04,"EUR"
              17/08/2022 08:00 - 17/08/2022 09:00,"BZN|DE-LU","PT60M",616.33,"EUR"
              17/08/2022 09:00 - 17/08/2022 10:00,"BZN|DE-LU","PT60M",575.10,"EUR"
              17/08/2022 10:00 - 17/08/2022 11:00,"BZN|DE-LU","PT60M",549.97,"EUR"
              17/08/2022 11:00 - 17/08/2022 12:00,"BZN|DE-LU","PT60M",526.89,"EUR"
              17/08/2022 12:00 - 17/08/2022 13:00,"BZN|DE-LU","PT60M",509.09,"EUR"
              17/08/2022 13:00 - 17/08/2022 14:00,"BZN|DE-LU","PT60M",500.00,"EUR"
              17/08/2022 14:00 - 17/08/2022 15:00,"BZN|DE-LU","PT60M",493.09,"EUR"
              17/08/2022 15:00 - 17/08/2022 16:00,"BZN|DE-LU","PT60M",509.47,"EUR"
              17/08/2022 16:00 - 17/08/2022 17:00,"BZN|DE-LU","PT60M",541.60,"EUR"
              17/08/2022 17:00 - 17/08/2022 18:00,"BZN|DE-LU","PT60M",593.30,"EUR"
              17/08/2022 18:00 - 17/08/2022 19:00,"BZN|DE-LU","PT60M",676.04,"EUR"
              17/08/2022 19:00 - 17/08/2022 20:00,"BZN|DE-LU","PT60M",747.93,"EUR"
              17/08/2022 20:00 - 17/08/2022 21:00,"BZN|DE-LU","PT60M",681.00,"EUR"
              17/08/2022 21:00 - 17/08/2022 22:00,"BZN|DE-LU","PT60M",629.09,"EUR"
              17/08/2022 22:00 - 17/08/2022 23:00,"BZN|DE-LU","PT60M",552.03,"EUR"
              17/08/2022 23:00 - 18/08/2022 00:00,"BZN|DE-LU","PT60M",508.92,"EUR"
              18/08/2022 00:00 - 18/08/2022 01:00,"BZN|DE-LU","PT60M",523.92,"EUR"
              18/08/2022 01:00 - 18/08/2022 02:00,"BZN|DE-LU","PT60M",479.90,"EUR"
              18/08/2022 02:00 - 18/08/2022 03:00,"BZN|DE-LU","PT60M",480.00,"EUR"
              18/08/2022 03:00 - 18/08/2022 04:00,"BZN|DE-LU","PT60M",474.46,"EUR"
              18/08/2022 04:00 - 18/08/2022 05:00,"BZN|DE-LU","PT60M",478.13,"EUR"
              18/08/2022 05:00 - 18/08/2022 06:00,"BZN|DE-LU","PT60M",499.24,"EUR"
              18/08/2022 06:00 - 18/08/2022 07:00,"BZN|DE-LU","PT60M",550.00,"EUR"
              18/08/2022 07:00 - 18/08/2022 08:00,"BZN|DE-LU","PT60M",598.90,"EUR"
              18/08/2022 08:00 - 18/08/2022 09:00,"BZN|DE-LU","PT60M",620.10,"EUR"
              18/08/2022 09:00 - 18/08/2022 10:00,"BZN|DE-LU","PT60M",613.59,"EUR"
              18/08/2022 10:00 - 18/08/2022 11:00,"BZN|DE-LU","PT60M",610.19,"EUR"
              18/08/2022 11:00 - 18/08/2022 12:00,"BZN|DE-LU","PT60M",577.65,"EUR"
              18/08/2022 12:00 - 18/08/2022 13:00,"BZN|DE-LU","PT60M",559.87,"EUR"
              18/08/2022 13:00 - 18/08/2022 14:00,"BZN|DE-LU","PT60M",563.11,"EUR"
              18/08/2022 14:00 - 18/08/2022 15:00,"BZN|DE-LU","PT60M",543.34,"EUR"
              18/08/2022 15:00 - 18/08/2022 16:00,"BZN|DE-LU","PT60M",541.90,"EUR"
              18/08/2022 16:00 - 18/08/2022 17:00,"BZN|DE-LU","PT60M",586.23,"EUR"
              18/08/2022 17:00 - 18/08/2022 18:00,"BZN|DE-LU","PT60M",593.97,"EUR"
              18/08/2022 18:00 - 18/08/2022 19:00,"BZN|DE-LU","PT60M",642.99,"EUR"
              18/08/2022 19:00 - 18/08/2022 20:00,"BZN|DE-LU","PT60M",657.98,"EUR"
              18/08/2022 20:00 - 18/08/2022 21:00,"BZN|DE-LU","PT60M",646.96,"EUR"
              18/08/2022 21:00 - 18/08/2022 22:00,"BZN|DE-LU","PT60M",600.06,"EUR"
              18/08/2022 22:00 - 18/08/2022 23:00,"BZN|DE-LU","PT60M",562.82,"EUR"
              18/08/2022 23:00 - 19/08/2022 00:00,"BZN|DE-LU","PT60M",524.93,"EUR"
              19/08/2022 00:00 - 19/08/2022 01:00,"BZN|DE-LU","PT60M",510.09,"EUR"
              19/08/2022 01:00 - 19/08/2022 02:00,"BZN|DE-LU","PT60M",467.63,"EUR"
              19/08/2022 02:00 - 19/08/2022 03:00,"BZN|DE-LU","PT60M",450.10,"EUR"
              19/08/2022 03:00 - 19/08/2022 04:00,"BZN|DE-LU","PT60M",434.14,"EUR"
              19/08/2022 04:00 - 19/08/2022 05:00,"BZN|DE-LU","PT60M",439.39,"EUR"
              19/08/2022 05:00 - 19/08/2022 06:00,"BZN|DE-LU","PT60M",469.62,"EUR"
              19/08/2022 06:00 - 19/08/2022 07:00,"BZN|DE-LU","PT60M",528.21,"EUR"
              19/08/2022 07:00 - 19/08/2022 08:00,"BZN|DE-LU","PT60M",571.24,"EUR"
              19/08/2022 08:00 - 19/08/2022 09:00,"BZN|DE-LU","PT60M",587.56,"EUR"
              19/08/2022 09:00 - 19/08/2022 10:00,"BZN|DE-LU","PT60M",575.00,"EUR"
              19/08/2022 10:00 - 19/08/2022 11:00,"BZN|DE-LU","PT60M",566.00,"EUR"
              19/08/2022 11:00 - 19/08/2022 12:00,"BZN|DE-LU","PT60M",547.26,"EUR"
              19/08/2022 12:00 - 19/08/2022 13:00,"BZN|DE-LU","PT60M",527.80,"EUR"
              19/08/2022 13:00 - 19/08/2022 14:00,"BZN|DE-LU","PT60M",488.24,"EUR"
              19/08/2022 14:00 - 19/08/2022 15:00,"BZN|DE-LU","PT60M",461.14,"EUR"
              19/08/2022 15:00 - 19/08/2022 16:00,"BZN|DE-LU","PT60M",461.17,"EUR"
              19/08/2022 16:00 - 19/08/2022 17:00,"BZN|DE-LU","PT60M",490.86,"EUR"
              19/08/2022 17:00 - 19/08/2022 18:00,"BZN|DE-LU","PT60M",517.42,"EUR"
              19/08/2022 18:00 - 19/08/2022 19:00,"BZN|DE-LU","PT60M",545.56,"EUR"
              19/08/2022 19:00 - 19/08/2022 20:00,"BZN|DE-LU","PT60M",568.99,"EUR"
              19/08/2022 20:00 - 19/08/2022 21:00,"BZN|DE-LU","PT60M",569.40,"EUR"
              19/08/2022 21:00 - 19/08/2022 22:00,"BZN|DE-LU","PT60M",550.00,"EUR"
              19/08/2022 22:00 - 19/08/2022 23:00,"BZN|DE-LU","PT60M",530.58,"EUR"
              19/08/2022 23:00 - 20/08/2022 00:00,"BZN|DE-LU","PT60M",504.93,"EUR"
              20/08/2022 00:00 - 20/08/2022 01:00,"BZN|DE-LU","PT60M",512.09,"EUR"
              20/08/2022 01:00 - 20/08/2022 02:00,"BZN|DE-LU","PT60M",500.05,"EUR"
              20/08/2022 02:00 - 20/08/2022 03:00,"BZN|DE-LU","PT60M",480.09,"EUR"
              20/08/2022 03:00 - 20/08/2022 04:00,"BZN|DE-LU","PT60M",460.04,"EUR"
              20/08/2022 04:00 - 20/08/2022 05:00,"BZN|DE-LU","PT60M",452.61,"EUR"
              20/08/2022 05:00 - 20/08/2022 06:00,"BZN|DE-LU","PT60M",452.15,"EUR"
              20/08/2022 06:00 - 20/08/2022 07:00,"BZN|DE-LU","PT60M",471.69,"EUR"
              20/08/2022 07:00 - 20/08/2022 08:00,"BZN|DE-LU","PT60M",475.03,"EUR"
              20/08/2022 08:00 - 20/08/2022 09:00,"BZN|DE-LU","PT60M",484.93,"EUR"
              20/08/2022 09:00 - 20/08/2022 10:00,"BZN|DE-LU","PT60M",480.02,"EUR"
              20/08/2022 10:00 - 20/08/2022 11:00,"BZN|DE-LU","PT60M",464.50,"EUR"
              20/08/2022 11:00 - 20/08/2022 12:00,"BZN|DE-LU","PT60M",443.19,"EUR"
              20/08/2022 12:00 - 20/08/2022 13:00,"BZN|DE-LU","PT60M",432.48,"EUR"
              20/08/2022 13:00 - 20/08/2022 14:00,"BZN|DE-LU","PT60M",364.68,"EUR"
              20/08/2022 14:00 - 20/08/2022 15:00,"BZN|DE-LU","PT60M",344.13,"EUR"
              20/08/2022 15:00 - 20/08/2022 16:00,"BZN|DE-LU","PT60M",339.28,"EUR"
              20/08/2022 16:00 - 20/08/2022 17:00,"BZN|DE-LU","PT60M",361.23,"EUR"
              20/08/2022 17:00 - 20/08/2022 18:00,"BZN|DE-LU","PT60M",402.56,"EUR"
              20/08/2022 18:00 - 20/08/2022 19:00,"BZN|DE-LU","PT60M",475.06,"EUR"
              20/08/2022 19:00 - 20/08/2022 20:00,"BZN|DE-LU","PT60M",529.91,"EUR"
              20/08/2022 20:00 - 20/08/2022 21:00,"BZN|DE-LU","PT60M",552.48,"EUR"
              20/08/2022 21:00 - 20/08/2022 22:00,"BZN|DE-LU","PT60M",540.09,"EUR"
              20/08/2022 22:00 - 20/08/2022 23:00,"BZN|DE-LU","PT60M",514.12,"EUR"
              20/08/2022 23:00 - 21/08/2022 00:00,"BZN|DE-LU","PT60M",458.96,"EUR"
              21/08/2022 00:00 - 21/08/2022 01:00,"BZN|DE-LU","PT60M",430.27,"EUR"
              21/08/2022 01:00 - 21/08/2022 02:00,"BZN|DE-LU","PT60M",381.00,"EUR"
              21/08/2022 02:00 - 21/08/2022 03:00,"BZN|DE-LU","PT60M",374.94,"EUR"
              21/08/2022 03:00 - 21/08/2022 04:00,"BZN|DE-LU","PT60M",344.27,"EUR"
              21/08/2022 04:00 - 21/08/2022 05:00,"BZN|DE-LU","PT60M",323.00,"EUR"
              21/08/2022 05:00 - 21/08/2022 06:00,"BZN|DE-LU","PT60M",324.07,"EUR"
              21/08/2022 06:00 - 21/08/2022 07:00,"BZN|DE-LU","PT60M",365.99,"EUR"
              21/08/2022 07:00 - 21/08/2022 08:00,"BZN|DE-LU","PT60M",348.35,"EUR"
              21/08/2022 08:00 - 21/08/2022 09:00,"BZN|DE-LU","PT60M",332.00,"EUR"
              21/08/2022 09:00 - 21/08/2022 10:00,"BZN|DE-LU","PT60M",317.26,"EUR"
              21/08/2022 10:00 - 21/08/2022 11:00,"BZN|DE-LU","PT60M",254.52,"EUR"
              21/08/2022 11:00 - 21/08/2022 12:00,"BZN|DE-LU","PT60M",176.88,"EUR"
              21/08/2022 12:00 - 21/08/2022 13:00,"BZN|DE-LU","PT60M",97.31,"EUR"
              21/08/2022 13:00 - 21/08/2022 14:00,"BZN|DE-LU","PT60M",77.46,"EUR"
              21/08/2022 14:00 - 21/08/2022 15:00,"BZN|DE-LU","PT60M",97.34,"EUR"
              21/08/2022 15:00 - 21/08/2022 16:00,"BZN|DE-LU","PT60M",204.21,"EUR"
              21/08/2022 16:00 - 21/08/2022 17:00,"BZN|DE-LU","PT60M",313.88,"EUR"
              21/08/2022 17:00 - 21/08/2022 18:00,"BZN|DE-LU","PT60M",455.00,"EUR"
              21/08/2022 18:00 - 21/08/2022 19:00,"BZN|DE-LU","PT60M",530.00,"EUR"
              21/08/2022 19:00 - 21/08/2022 20:00,"BZN|DE-LU","PT60M",592.00,"EUR"
              21/08/2022 20:00 - 21/08/2022 21:00,"BZN|DE-LU","PT60M",623.89,"EUR"
              21/08/2022 21:00 - 21/08/2022 22:00,"BZN|DE-LU","PT60M",609.96,"EUR"
              21/08/2022 22:00 - 21/08/2022 23:00,"BZN|DE-LU","PT60M",595.46,"EUR"
              21/08/2022 23:00 - 22/08/2022 00:00,"BZN|DE-LU","PT60M",570.11,"EUR"
              22/08/2022 00:00 - 22/08/2022 01:00,"BZN|DE-LU","PT60M",504.25,"EUR"
              22/08/2022 01:00 - 22/08/2022 02:00,"BZN|DE-LU","PT60M",477.42,"EUR"
              22/08/2022 02:00 - 22/08/2022 03:00,"BZN|DE-LU","PT60M",467.94,"EUR"
              22/08/2022 03:00 - 22/08/2022 04:00,"BZN|DE-LU","PT60M",447.93,"EUR"
              22/08/2022 04:00 - 22/08/2022 05:00,"BZN|DE-LU","PT60M",450.02,"EUR"
              22/08/2022 05:00 - 22/08/2022 06:00,"BZN|DE-LU","PT60M",497.08,"EUR"
              22/08/2022 06:00 - 22/08/2022 07:00,"BZN|DE-LU","PT60M",561.74,"EUR"
              22/08/2022 07:00 - 22/08/2022 08:00,"BZN|DE-LU","PT60M",599.90,"EUR"
              22/08/2022 08:00 - 22/08/2022 09:00,"BZN|DE-LU","PT60M",610.00,"EUR"
              22/08/2022 09:00 - 22/08/2022 10:00,"BZN|DE-LU","PT60M",595.59,"EUR"
              22/08/2022 10:00 - 22/08/2022 11:00,"BZN|DE-LU","PT60M",583.46,"EUR"
              22/08/2022 11:00 - 22/08/2022 12:00,"BZN|DE-LU","PT60M",567.50,"EUR"
              22/08/2022 12:00 - 22/08/2022 13:00,"BZN|DE-LU","PT60M",534.30,"EUR"
              22/08/2022 13:00 - 22/08/2022 14:00,"BZN|DE-LU","PT60M",540.91,"EUR"
              22/08/2022 14:00 - 22/08/2022 15:00,"BZN|DE-LU","PT60M",557.06,"EUR"
              22/08/2022 15:00 - 22/08/2022 16:00,"BZN|DE-LU","PT60M",577.20,"EUR"
              22/08/2022 16:00 - 22/08/2022 17:00,"BZN|DE-LU","PT60M",586.67,"EUR"
              22/08/2022 17:00 - 22/08/2022 18:00,"BZN|DE-LU","PT60M",613.55,"EUR"
              22/08/2022 18:00 - 22/08/2022 19:00,"BZN|DE-LU","PT60M",640.00,"EUR"
              22/08/2022 19:00 - 22/08/2022 20:00,"BZN|DE-LU","PT60M",675.55,"EUR"
              22/08/2022 20:00 - 22/08/2022 21:00,"BZN|DE-LU","PT60M",679.97,"EUR"
              22/08/2022 21:00 - 22/08/2022 22:00,"BZN|DE-LU","PT60M",629.63,"EUR"
              22/08/2022 22:00 - 22/08/2022 23:00,"BZN|DE-LU","PT60M",588.86,"EUR"
              22/08/2022 23:00 - 23/08/2022 00:00,"BZN|DE-LU","PT60M",545.00,"EUR"
              23/08/2022 00:00 - 23/08/2022 01:00,"BZN|DE-LU","PT60M",550.00,"EUR"
              23/08/2022 01:00 - 23/08/2022 02:00,"BZN|DE-LU","PT60M",504.73,"EUR"
              23/08/2022 02:00 - 23/08/2022 03:00,"BZN|DE-LU","PT60M",507.00,"EUR"
              23/08/2022 03:00 - 23/08/2022 04:00,"BZN|DE-LU","PT60M",500.57,"EUR"
              23/08/2022 04:00 - 23/08/2022 05:00,"BZN|DE-LU","PT60M",503.32,"EUR"
              23/08/2022 05:00 - 23/08/2022 06:00,"BZN|DE-LU","PT60M",531.02,"EUR"
              23/08/2022 06:00 - 23/08/2022 07:00,"BZN|DE-LU","PT60M",627.95,"EUR"
              23/08/2022 07:00 - 23/08/2022 08:00,"BZN|DE-LU","PT60M",668.21,"EUR"
              23/08/2022 08:00 - 23/08/2022 09:00,"BZN|DE-LU","PT60M",680.00,"EUR"
              23/08/2022 09:00 - 23/08/2022 10:00,"BZN|DE-LU","PT60M",640.10,"EUR"
              23/08/2022 10:00 - 23/08/2022 11:00,"BZN|DE-LU","PT60M",614.01,"EUR"
              23/08/2022 11:00 - 23/08/2022 12:00,"BZN|DE-LU","PT60M",551.40,"EUR"
              23/08/2022 12:00 - 23/08/2022 13:00,"BZN|DE-LU","PT60M",518.71,"EUR"
              23/08/2022 13:00 - 23/08/2022 14:00,"BZN|DE-LU","PT60M",518.46,"EUR"
              23/08/2022 14:00 - 23/08/2022 15:00,"BZN|DE-LU","PT60M",549.81,"EUR"
              23/08/2022 15:00 - 23/08/2022 16:00,"BZN|DE-LU","PT60M",572.78,"EUR"
              23/08/2022 16:00 - 23/08/2022 17:00,"BZN|DE-LU","PT60M",604.43,"EUR"
              23/08/2022 17:00 - 23/08/2022 18:00,"BZN|DE-LU","PT60M",648.15,"EUR"
              23/08/2022 18:00 - 23/08/2022 19:00,"BZN|DE-LU","PT60M",713.65,"EUR"
              23/08/2022 19:00 - 23/08/2022 20:00,"BZN|DE-LU","PT60M",794.95,"EUR"
              23/08/2022 20:00 - 23/08/2022 21:00,"BZN|DE-LU","PT60M",771.00,"EUR"
              23/08/2022 21:00 - 23/08/2022 22:00,"BZN|DE-LU","PT60M",708.83,"EUR"
              23/08/2022 22:00 - 23/08/2022 23:00,"BZN|DE-LU","PT60M",644.00,"EUR"
              23/08/2022 23:00 - 24/08/2022 00:00,"BZN|DE-LU","PT60M",599.99,"EUR"
              24/08/2022 00:00 - 24/08/2022 01:00,"BZN|DE-LU","PT60M",581.80,"EUR"
              24/08/2022 01:00 - 24/08/2022 02:00,"BZN|DE-LU","PT60M",550.00,"EUR"
              24/08/2022 02:00 - 24/08/2022 03:00,"BZN|DE-LU","PT60M",550.19,"EUR"
              24/08/2022 03:00 - 24/08/2022 04:00,"BZN|DE-LU","PT60M",535.98,"EUR"
              24/08/2022 04:00 - 24/08/2022 05:00,"BZN|DE-LU","PT60M",539.01,"EUR"
              24/08/2022 05:00 - 24/08/2022 06:00,"BZN|DE-LU","PT60M",574.18,"EUR"
              24/08/2022 06:00 - 24/08/2022 07:00,"BZN|DE-LU","PT60M",648.00,"EUR"
              24/08/2022 07:00 - 24/08/2022 08:00,"BZN|DE-LU","PT60M",683.25,"EUR"
              24/08/2022 08:00 - 24/08/2022 09:00,"BZN|DE-LU","PT60M",694.26,"EUR"
              24/08/2022 09:00 - 24/08/2022 10:00,"BZN|DE-LU","PT60M",649.92,"EUR"
              24/08/2022 10:00 - 24/08/2022 11:00,"BZN|DE-LU","PT60M",588.06,"EUR"
              24/08/2022 11:00 - 24/08/2022 12:00,"BZN|DE-LU","PT60M",576.89,"EUR"
              24/08/2022 12:00 - 24/08/2022 13:00,"BZN|DE-LU","PT60M",516.12,"EUR"
              24/08/2022 13:00 - 24/08/2022 14:00,"BZN|DE-LU","PT60M",541.97,"EUR"
              24/08/2022 14:00 - 24/08/2022 15:00,"BZN|DE-LU","PT60M",545.11,"EUR"
              24/08/2022 15:00 - 24/08/2022 16:00,"BZN|DE-LU","PT60M",577.34,"EUR"
              24/08/2022 16:00 - 24/08/2022 17:00,"BZN|DE-LU","PT60M",613.48,"EUR"
              24/08/2022 17:00 - 24/08/2022 18:00,"BZN|DE-LU","PT60M",672.33,"EUR"
              24/08/2022 18:00 - 24/08/2022 19:00,"BZN|DE-LU","PT60M",750.00,"EUR"
              24/08/2022 19:00 - 24/08/2022 20:00,"BZN|DE-LU","PT60M",850.00,"EUR"
              24/08/2022 20:00 - 24/08/2022 21:00,"BZN|DE-LU","PT60M",783.56,"EUR"
              24/08/2022 21:00 - 24/08/2022 22:00,"BZN|DE-LU","PT60M",724.96,"EUR"
              24/08/2022 22:00 - 24/08/2022 23:00,"BZN|DE-LU","PT60M",659.37,"EUR"
              24/08/2022 23:00 - 25/08/2022 00:00,"BZN|DE-LU","PT60M",578.42,"EUR"
              25/08/2022 00:00 - 25/08/2022 01:00,"BZN|DE-LU","PT60M",535.20,"EUR"
              25/08/2022 01:00 - 25/08/2022 02:00,"BZN|DE-LU","PT60M",522.92,"EUR"
              25/08/2022 02:00 - 25/08/2022 03:00,"BZN|DE-LU","PT60M",520.07,"EUR"
              25/08/2022 03:00 - 25/08/2022 04:00,"BZN|DE-LU","PT60M",513.06,"EUR"
              25/08/2022 04:00 - 25/08/2022 05:00,"BZN|DE-LU","PT60M",518.60,"EUR"
              25/08/2022 05:00 - 25/08/2022 06:00,"BZN|DE-LU","PT60M",530.07,"EUR"
              25/08/2022 06:00 - 25/08/2022 07:00,"BZN|DE-LU","PT60M",606.61,"EUR"
              25/08/2022 07:00 - 25/08/2022 08:00,"BZN|DE-LU","PT60M",668.24,"EUR"
              25/08/2022 08:00 - 25/08/2022 09:00,"BZN|DE-LU","PT60M",689.87,"EUR"
              25/08/2022 09:00 - 25/08/2022 10:00,"BZN|DE-LU","PT60M",639.34,"EUR"
              25/08/2022 10:00 - 25/08/2022 11:00,"BZN|DE-LU","PT60M",576.99,"EUR"
              25/08/2022 11:00 - 25/08/2022 12:00,"BZN|DE-LU","PT60M",535.04,"EUR"
              25/08/2022 12:00 - 25/08/2022 13:00,"BZN|DE-LU","PT60M",505.88,"EUR"
              25/08/2022 13:00 - 25/08/2022 14:00,"BZN|DE-LU","PT60M",504.19,"EUR"
              25/08/2022 14:00 - 25/08/2022 15:00,"BZN|DE-LU","PT60M",502.59,"EUR"
              25/08/2022 15:00 - 25/08/2022 16:00,"BZN|DE-LU","PT60M",524.96,"EUR"
              25/08/2022 16:00 - 25/08/2022 17:00,"BZN|DE-LU","PT60M",564.35,"EUR"
              25/08/2022 17:00 - 25/08/2022 18:00,"BZN|DE-LU","PT60M",686.80,"EUR"
              25/08/2022 18:00 - 25/08/2022 19:00,"BZN|DE-LU","PT60M",714.23,"EUR"
              25/08/2022 19:00 - 25/08/2022 20:00,"BZN|DE-LU","PT60M",766.79,"EUR"
              25/08/2022 20:00 - 25/08/2022 21:00,"BZN|DE-LU","PT60M",760.00,"EUR"
              25/08/2022 21:00 - 25/08/2022 22:00,"BZN|DE-LU","PT60M",710.00,"EUR"
              25/08/2022 22:00 - 25/08/2022 23:00,"BZN|DE-LU","PT60M",673.40,"EUR"
              25/08/2022 23:00 - 26/08/2022 00:00,"BZN|DE-LU","PT60M",626.73,"EUR"
              26/08/2022 00:00 - 26/08/2022 01:00,"BZN|DE-LU","PT60M",607.15,"EUR"
              26/08/2022 01:00 - 26/08/2022 02:00,"BZN|DE-LU","PT60M",580.07,"EUR"
              26/08/2022 02:00 - 26/08/2022 03:00,"BZN|DE-LU","PT60M",572.53,"EUR"
              26/08/2022 03:00 - 26/08/2022 04:00,"BZN|DE-LU","PT60M",571.04,"EUR"
              26/08/2022 04:00 - 26/08/2022 05:00,"BZN|DE-LU","PT60M",569.21,"EUR"
              26/08/2022 05:00 - 26/08/2022 06:00,"BZN|DE-LU","PT60M",598.99,"EUR"
              26/08/2022 06:00 - 26/08/2022 07:00,"BZN|DE-LU","PT60M",750.00,"EUR"
              26/08/2022 07:00 - 26/08/2022 08:00,"BZN|DE-LU","PT60M",769.23,"EUR"
              26/08/2022 08:00 - 26/08/2022 09:00,"BZN|DE-LU","PT60M",802.99,"EUR"
              26/08/2022 09:00 - 26/08/2022 10:00,"BZN|DE-LU","PT60M",781.62,"EUR"
              26/08/2022 10:00 - 26/08/2022 11:00,"BZN|DE-LU","PT60M",763.20,"EUR"
              26/08/2022 11:00 - 26/08/2022 12:00,"BZN|DE-LU","PT60M",750.03,"EUR"
              26/08/2022 12:00 - 26/08/2022 13:00,"BZN|DE-LU","PT60M",702.33,"EUR"
              26/08/2022 13:00 - 26/08/2022 14:00,"BZN|DE-LU","PT60M",676.88,"EUR"
              26/08/2022 14:00 - 26/08/2022 15:00,"BZN|DE-LU","PT60M",643.55,"EUR"
              26/08/2022 15:00 - 26/08/2022 16:00,"BZN|DE-LU","PT60M",665.93,"EUR"
              26/08/2022 16:00 - 26/08/2022 17:00,"BZN|DE-LU","PT60M",685.56,"EUR"
              26/08/2022 17:00 - 26/08/2022 18:00,"BZN|DE-LU","PT60M",750.01,"EUR"
              26/08/2022 18:00 - 26/08/2022 19:00,"BZN|DE-LU","PT60M",770.00,"EUR"
              26/08/2022 19:00 - 26/08/2022 20:00,"BZN|DE-LU","PT60M",780.00,"EUR"
              26/08/2022 20:00 - 26/08/2022 21:00,"BZN|DE-LU","PT60M",778.54,"EUR"
              26/08/2022 21:00 - 26/08/2022 22:00,"BZN|DE-LU","PT60M",770.00,"EUR"
              26/08/2022 22:00 - 26/08/2022 23:00,"BZN|DE-LU","PT60M",747.74,"EUR"
              26/08/2022 23:00 - 27/08/2022 00:00,"BZN|DE-LU","PT60M",700.00,"EUR"
              27/08/2022 00:00 - 27/08/2022 01:00,"BZN|DE-LU","PT60M",685.14,"EUR"
              27/08/2022 01:00 - 27/08/2022 02:00,"BZN|DE-LU","PT60M",644.20,"EUR"
              27/08/2022 02:00 - 27/08/2022 03:00,"BZN|DE-LU","PT60M",636.80,"EUR"
              27/08/2022 03:00 - 27/08/2022 04:00,"BZN|DE-LU","PT60M",587.90,"EUR"
              27/08/2022 04:00 - 27/08/2022 05:00,"BZN|DE-LU","PT60M",563.47,"EUR"
              27/08/2022 05:00 - 27/08/2022 06:00,"BZN|DE-LU","PT60M",573.10,"EUR"
              27/08/2022 06:00 - 27/08/2022 07:00,"BZN|DE-LU","PT60M",580.90,"EUR"
              27/08/2022 07:00 - 27/08/2022 08:00,"BZN|DE-LU","PT60M",636.00,"EUR"
              27/08/2022 08:00 - 27/08/2022 09:00,"BZN|DE-LU","PT60M",682.59,"EUR"
              27/08/2022 09:00 - 27/08/2022 10:00,"BZN|DE-LU","PT60M",685.95,"EUR"
              27/08/2022 10:00 - 27/08/2022 11:00,"BZN|DE-LU","PT60M",660.75,"EUR"
              27/08/2022 11:00 - 27/08/2022 12:00,"BZN|DE-LU","PT60M",601.84,"EUR"
              27/08/2022 12:00 - 27/08/2022 13:00,"BZN|DE-LU","PT60M",578.03,"EUR"
              27/08/2022 13:00 - 27/08/2022 14:00,"BZN|DE-LU","PT60M",488.82,"EUR"
              27/08/2022 14:00 - 27/08/2022 15:00,"BZN|DE-LU","PT60M",500.16,"EUR"
              27/08/2022 15:00 - 27/08/2022 16:00,"BZN|DE-LU","PT60M",461.73,"EUR"
              27/08/2022 16:00 - 27/08/2022 17:00,"BZN|DE-LU","PT60M",489.19,"EUR"
              27/08/2022 17:00 - 27/08/2022 18:00,"BZN|DE-LU","PT60M",554.67,"EUR"
              27/08/2022 18:00 - 27/08/2022 19:00,"BZN|DE-LU","PT60M",669.91,"EUR"
              27/08/2022 19:00 - 27/08/2022 20:00,"BZN|DE-LU","PT60M",704.62,"EUR"
              27/08/2022 20:00 - 27/08/2022 21:00,"BZN|DE-LU","PT60M",700.06,"EUR"
              27/08/2022 21:00 - 27/08/2022 22:00,"BZN|DE-LU","PT60M",665.98,"EUR"
              27/08/2022 22:00 - 27/08/2022 23:00,"BZN|DE-LU","PT60M",659.94,"EUR"
              27/08/2022 23:00 - 28/08/2022 00:00,"BZN|DE-LU","PT60M",576.39,"EUR"
              28/08/2022 00:00 - 28/08/2022 01:00,"BZN|DE-LU","PT60M",585.03,"EUR"
              28/08/2022 01:00 - 28/08/2022 02:00,"BZN|DE-LU","PT60M",491.40,"EUR"
              28/08/2022 02:00 - 28/08/2022 03:00,"BZN|DE-LU","PT60M",467.70,"EUR"
              28/08/2022 03:00 - 28/08/2022 04:00,"BZN|DE-LU","PT60M",430.00,"EUR"
              28/08/2022 04:00 - 28/08/2022 05:00,"BZN|DE-LU","PT60M",425.97,"EUR"
              28/08/2022 05:00 - 28/08/2022 06:00,"BZN|DE-LU","PT60M",409.92,"EUR"
              28/08/2022 06:00 - 28/08/2022 07:00,"BZN|DE-LU","PT60M",427.29,"EUR"
              28/08/2022 07:00 - 28/08/2022 08:00,"BZN|DE-LU","PT60M",441.91,"EUR"
              28/08/2022 08:00 - 28/08/2022 09:00,"BZN|DE-LU","PT60M",467.45,"EUR"
              28/08/2022 09:00 - 28/08/2022 10:00,"BZN|DE-LU","PT60M",437.62,"EUR"
              28/08/2022 10:00 - 28/08/2022 11:00,"BZN|DE-LU","PT60M",275.09,"EUR"
              28/08/2022 11:00 - 28/08/2022 12:00,"BZN|DE-LU","PT60M",256.88,"EUR"
              28/08/2022 12:00 - 28/08/2022 13:00,"BZN|DE-LU","PT60M",115.98,"EUR"
              28/08/2022 13:00 - 28/08/2022 14:00,"BZN|DE-LU","PT60M",75.80,"EUR"
              28/08/2022 14:00 - 28/08/2022 15:00,"BZN|DE-LU","PT60M",13.29,"EUR"
              28/08/2022 15:00 - 28/08/2022 16:00,"BZN|DE-LU","PT60M",62.16,"EUR"
              28/08/2022 16:00 - 28/08/2022 17:00,"BZN|DE-LU","PT60M",105.92,"EUR"
              28/08/2022 17:00 - 28/08/2022 18:00,"BZN|DE-LU","PT60M",336.20,"EUR"
              28/08/2022 18:00 - 28/08/2022 19:00,"BZN|DE-LU","PT60M",579.24,"EUR"
              28/08/2022 19:00 - 28/08/2022 20:00,"BZN|DE-LU","PT60M",676.40,"EUR"
              28/08/2022 20:00 - 28/08/2022 21:00,"BZN|DE-LU","PT60M",700.75,"EUR"
              28/08/2022 21:00 - 28/08/2022 22:00,"BZN|DE-LU","PT60M",646.06,"EUR"
              28/08/2022 22:00 - 28/08/2022 23:00,"BZN|DE-LU","PT60M",606.70,"EUR"
              28/08/2022 23:00 - 29/08/2022 00:00,"BZN|DE-LU","PT60M",590.03,"EUR"
              29/08/2022 00:00 - 29/08/2022 01:00,"BZN|DE-LU","PT60M",590.85,"EUR"
              29/08/2022 01:00 - 29/08/2022 02:00,"BZN|DE-LU","PT60M",544.14,"EUR"
              29/08/2022 02:00 - 29/08/2022 03:00,"BZN|DE-LU","PT60M",523.30,"EUR"
              29/08/2022 03:00 - 29/08/2022 04:00,"BZN|DE-LU","PT60M",521.03,"EUR"
              29/08/2022 04:00 - 29/08/2022 05:00,"BZN|DE-LU","PT60M",516.07,"EUR"
              29/08/2022 05:00 - 29/08/2022 06:00,"BZN|DE-LU","PT60M",582.36,"EUR"
              29/08/2022 06:00 - 29/08/2022 07:00,"BZN|DE-LU","PT60M",696.75,"EUR"
              29/08/2022 07:00 - 29/08/2022 08:00,"BZN|DE-LU","PT60M",769.92,"EUR"
              29/08/2022 08:00 - 29/08/2022 09:00,"BZN|DE-LU","PT60M",793.99,"EUR"
              29/08/2022 09:00 - 29/08/2022 10:00,"BZN|DE-LU","PT60M",668.06,"EUR"
              29/08/2022 10:00 - 29/08/2022 11:00,"BZN|DE-LU","PT60M",661.36,"EUR"
              29/08/2022 11:00 - 29/08/2022 12:00,"BZN|DE-LU","PT60M",574.27,"EUR"
              29/08/2022 12:00 - 29/08/2022 13:00,"BZN|DE-LU","PT60M",548.77,"EUR"
              29/08/2022 13:00 - 29/08/2022 14:00,"BZN|DE-LU","PT60M",553.42,"EUR"
              29/08/2022 14:00 - 29/08/2022 15:00,"BZN|DE-LU","PT60M",541.57,"EUR"
              29/08/2022 15:00 - 29/08/2022 16:00,"BZN|DE-LU","PT60M",548.41,"EUR"
              29/08/2022 16:00 - 29/08/2022 17:00,"BZN|DE-LU","PT60M",645.73,"EUR"
              29/08/2022 17:00 - 29/08/2022 18:00,"BZN|DE-LU","PT60M",773.91,"EUR"
              29/08/2022 18:00 - 29/08/2022 19:00,"BZN|DE-LU","PT60M",837.66,"EUR"
              29/08/2022 19:00 - 29/08/2022 20:00,"BZN|DE-LU","PT60M",871.00,"EUR"
              29/08/2022 20:00 - 29/08/2022 21:00,"BZN|DE-LU","PT60M",860.89,"EUR"
              29/08/2022 21:00 - 29/08/2022 22:00,"BZN|DE-LU","PT60M",800.00,"EUR"
              29/08/2022 22:00 - 29/08/2022 23:00,"BZN|DE-LU","PT60M",762.48,"EUR"
              29/08/2022 23:00 - 30/08/2022 00:00,"BZN|DE-LU","PT60M",615.91,"EUR"
              30/08/2022 00:00 - 30/08/2022 01:00,"BZN|DE-LU","PT60M",617.49,"EUR"
              30/08/2022 01:00 - 30/08/2022 02:00,"BZN|DE-LU","PT60M",595.07,"EUR"
              30/08/2022 02:00 - 30/08/2022 03:00,"BZN|DE-LU","PT60M",585.01,"EUR"
              30/08/2022 03:00 - 30/08/2022 04:00,"BZN|DE-LU","PT60M",584.96,"EUR"
              30/08/2022 04:00 - 30/08/2022 05:00,"BZN|DE-LU","PT60M",594.99,"EUR"
              30/08/2022 05:00 - 30/08/2022 06:00,"BZN|DE-LU","PT60M",612.55,"EUR"
              30/08/2022 06:00 - 30/08/2022 07:00,"BZN|DE-LU","PT60M",763.30,"EUR"
              30/08/2022 07:00 - 30/08/2022 08:00,"BZN|DE-LU","PT60M",778.06,"EUR"
              30/08/2022 08:00 - 30/08/2022 09:00,"BZN|DE-LU","PT60M",791.31,"EUR"
              30/08/2022 09:00 - 30/08/2022 10:00,"BZN|DE-LU","PT60M",759.95,"EUR"
              30/08/2022 10:00 - 30/08/2022 11:00,"BZN|DE-LU","PT60M",664.79,"EUR"
              30/08/2022 11:00 - 30/08/2022 12:00,"BZN|DE-LU","PT60M",580.26,"EUR"
              30/08/2022 12:00 - 30/08/2022 13:00,"BZN|DE-LU","PT60M",569.34,"EUR"
              30/08/2022 13:00 - 30/08/2022 14:00,"BZN|DE-LU","PT60M",571.95,"EUR"
              30/08/2022 14:00 - 30/08/2022 15:00,"BZN|DE-LU","PT60M",553.98,"EUR"
              30/08/2022 15:00 - 30/08/2022 16:00,"BZN|DE-LU","PT60M",581.30,"EUR"
              30/08/2022 16:00 - 30/08/2022 17:00,"BZN|DE-LU","PT60M",573.89,"EUR"
              30/08/2022 17:00 - 30/08/2022 18:00,"BZN|DE-LU","PT60M",746.77,"EUR"
              30/08/2022 18:00 - 30/08/2022 19:00,"BZN|DE-LU","PT60M",793.71,"EUR"
              30/08/2022 19:00 - 30/08/2022 20:00,"BZN|DE-LU","PT60M",855.46,"EUR"
              30/08/2022 20:00 - 30/08/2022 21:00,"BZN|DE-LU","PT60M",765.99,"EUR"
              30/08/2022 21:00 - 30/08/2022 22:00,"BZN|DE-LU","PT60M",705.00,"EUR"
              30/08/2022 22:00 - 30/08/2022 23:00,"BZN|DE-LU","PT60M",626.74,"EUR"
              30/08/2022 23:00 - 31/08/2022 00:00,"BZN|DE-LU","PT60M",573.80,"EUR"
              31/08/2022 00:00 - 31/08/2022 01:00,"BZN|DE-LU","PT60M",531.48,"EUR"
              31/08/2022 01:00 - 31/08/2022 02:00,"BZN|DE-LU","PT60M",523.31,"EUR"
              31/08/2022 02:00 - 31/08/2022 03:00,"BZN|DE-LU","PT60M",541.87,"EUR"
              31/08/2022 03:00 - 31/08/2022 04:00,"BZN|DE-LU","PT60M",498.16,"EUR"
              31/08/2022 04:00 - 31/08/2022 05:00,"BZN|DE-LU","PT60M",541.83,"EUR"
              31/08/2022 05:00 - 31/08/2022 06:00,"BZN|DE-LU","PT60M",543.26,"EUR"
              31/08/2022 06:00 - 31/08/2022 07:00,"BZN|DE-LU","PT60M",649.99,"EUR"
              31/08/2022 07:00 - 31/08/2022 08:00,"BZN|DE-LU","PT60M",724.46,"EUR"
              31/08/2022 08:00 - 31/08/2022 09:00,"BZN|DE-LU","PT60M",736.97,"EUR"
              31/08/2022 09:00 - 31/08/2022 10:00,"BZN|DE-LU","PT60M",697.72,"EUR"
              31/08/2022 10:00 - 31/08/2022 11:00,"BZN|DE-LU","PT60M",633.31,"EUR"
              31/08/2022 11:00 - 31/08/2022 12:00,"BZN|DE-LU","PT60M",644.83,"EUR"
              31/08/2022 12:00 - 31/08/2022 13:00,"BZN|DE-LU","PT60M",552.93,"EUR"
              31/08/2022 13:00 - 31/08/2022 14:00,"BZN|DE-LU","PT60M",529.08,"EUR"
              31/08/2022 14:00 - 31/08/2022 15:00,"BZN|DE-LU","PT60M",496.98,"EUR"
              31/08/2022 15:00 - 31/08/2022 16:00,"BZN|DE-LU","PT60M",519.64,"EUR"
              31/08/2022 16:00 - 31/08/2022 17:00,"BZN|DE-LU","PT60M",541.81,"EUR"
              31/08/2022 17:00 - 31/08/2022 18:00,"BZN|DE-LU","PT60M",641.74,"EUR"
              31/08/2022 18:00 - 31/08/2022 19:00,"BZN|DE-LU","PT60M",720.67,"EUR"
              31/08/2022 19:00 - 31/08/2022 20:00,"BZN|DE-LU","PT60M",750.00,"EUR"
              31/08/2022 20:00 - 31/08/2022 21:00,"BZN|DE-LU","PT60M",714.45,"EUR"
              31/08/2022 21:00 - 31/08/2022 22:00,"BZN|DE-LU","PT60M",677.26,"EUR"
              31/08/2022 22:00 - 31/08/2022 23:00,"BZN|DE-LU","PT60M",563.52,"EUR"
              31/08/2022 23:00 - 01/09/2022 00:00,"BZN|DE-LU","PT60M",532.51,"EUR"
